Key,Array
B00006L9LC,"[4.235164736271502e-22, 0.0, 1.3552527156068805e-20, 0.0, -5.421010862427522e-20, 0.0, -2.710505431213761e-20, 0.0, -2.168404344971009e-19, -6.776263578034403e-21, 0.0, 0.0, -2.117582368135751e-22, -5.293955920339377e-23, 0.0, 0.0, -2.117582368135751e-22, 0.0, 0.0, -1.3552527156068805e-20, 8.470329472543003e-22, 0.0, 0.0, -1.6940658945086007e-21, 0.0, 0.0, 0.0, 0.0, 0.0, -6.776263578034403e-21, 0.0, 0.0, -3.3881317890172014e-21, 0.0, -5.293955920339377e-23, 2.117582368135751e-22, 0.0, -1.6940658945086007e-21, 0.0, 8.470329472543003e-22, -4.235164736271502e-22, 0.0, 0.0, 6.776263578034403e-21, 0.0, 0.0, -6.776263578034403e-21, 0.0, -6.776263578034403e-21, -4.235164736271502e-22]"
