Key,Array
B0000530HU,"[0.0, 0.798636418265344, 0.8715341045663361, 2.89128806088448, -0.122689403044224, 0.245378806088448, 0.80094701522112, 0.0, 0.739602313699008, 0.245378806088448]"
B00006L9LC,"[17.40980555929042, 38.50487806683968, 19.091316793054247, 43.390771884974725, 18.05675752126109, 23.832754235558607, 34.54882270033753, 0.06011141865598632, 41.89986879103696, 23.625013909390958]"
