Key,Array
B00006L9LC,"[-1.56332927641284, 0.45158059197179157, 1.36701153767231, 2.3365756703341924, 1.871005768836155, 3.2037375022919985, 3.5857484873947323, 0.0, 2.450664086817398, 0.9534844458043151]"
