Key,Array
B0000530HU,"[0.0, 0.0, 0.0, 0.0, 0.0, 0.0, 0.0, 0.0, 0.0, 0.0]"
B00006L9LC,"[26.29486807790872, 0.0, 0.26853015082801435, 0.0, 4.855559097174414, 5.223422552972771, 1.3177370155560404, 8.084119884851804, -1.2127620083427402, 2.7937527849610255]"
