ID,Array
0,"[6.776263578034403e-21, 0.0, 5.421010862427522e-20, 0.0, -1.3552527156068805e-20, -4.336808689942018e-19, 0.0, 0.0, 0.0, -3.3881317890172014e-21, 2.6469779601696886e-23, 0.0, -1.3552527156068805e-20, 0.0, -2.710505431213761e-20, 0.0, -1.3552527156068805e-20, 0.0, 0.0, -2.710505431213761e-20]"
