ID,Array
0,"[0.0, 0.0, 0.0, 0.0, 0.0, 0.0, 0.0, 0.0, 0.0, 0.0, -3.3881317890172014e-21, 0.0, 2.117582368135751e-22, 6.776263578034403e-21, 0.0, 4.235164736271502e-22, -1.6940658945086007e-21, 0.0, 0.0, 2.710505431213761e-20]"
1,"[3.469446951953614e-18, 0.0, -3.308722450212111e-24, 0.0, 1.0842021724855044e-19, -1.0842021724855044e-19, 0.0, 0.0, 0.0, 0.0, -6.776263578034403e-21, 0.0, 0.0, -3.3881317890172014e-21, -2.710505431213761e-20, -1.6543612251060553e-24, -1.6940658945086007e-21, 0.0, 2.117582368135751e-22, 0.0]"
