Key,Array
B00006L9LC,"[-1.56332927641284, 0.45158059197179157, 1.36701153767231, 2.3365756703341924, 1.871005768836155, 3.2037375022919985, 3.5857484873947323, 0.0, 2.450664086817398, 0.9534844458043151, 0.5136568630066319, 0.47450953832829573, 0.4308178754938521, 0.6004680938474001, 0.8409209166487663, 0.4783008642136461, 0.48760929097087147, 0.7242792327624095, 0.4276690001748032, 0.6460918524862997, 0.7772107429007412, 0.40418414453122486, 0.6552864380264197, 0.524347460734962, 0.4815756004356572, 0.6078132335485696, 0.6339488452213191, 0.4113051980943325, 0.7176794749781983, 0.5856009847040557, 0.6063668645511789, 0.6135699682394313, 0.4439001038073684, 0.43587011357036753, 0.6957591524323113, 0.5642882423009172, 0.5566627290197476, 0.44259118637796807, 0.8156622247604192, 0.6075723536545231, 0.545766459931539, 0.6742667568945181, 0.6805851679883149, 0.7234629455765954, 0.7097972444256357, 0.6809685838169388, 0.7257140017270528, 0.6557476553075311, 0.6393028206914033, 0.2950444085474554]"
