Key,Array
B0000530HU,"[0.0, 0.798636418265344, 0.8715341045663361, 2.89128806088448, -0.122689403044224, 0.245378806088448, 0.80094701522112, 0.0, 0.739602313699008, 0.245378806088448, 0.13656781982832922, 0.07582963777300147, 0.08633827480033258, 0.14688935863559444, 0.06247357585614513, 0.28105444020268744, 0.2217520196049945, 0.0964712982071291, 0.15233214249410038, 0.3994122675235264, 0.13153579744341068, 0.25791290478393947, 0.14647891729699344, 0.3233749029101177, 0.2537831727492344, 0.055741321735498, 0.2887067949437892, 0.42653352310225473, 0.41365189319958984, 0.353159889073883, 0.2020918997550386, 0.2589763289265543, 0.1173232539947148, 0.14938378354068144, 0.15189271702308732, 0.3146241491390433, 0.28194048974386426, 0.12006694268702835, 0.4129729461900849, 0.22472295683909582, 0.21672939366832858, 0.4017009133909004, 0.21369940428908113, 0.3764574879971133, 0.38646529921846323, 0.31447124924439807, 0.14239331316253365, 0.06096789764904998, 0.3174215289457945, 0.260350452097767]"
B00006L9LC,"[17.40980555929042, 38.50487806683968, 19.091316793054247, 43.390771884974725, 18.05675752126109, 23.832754235558607, 34.54882270033753, 0.06011141865598632, 41.89986879103696, 23.625013909390958, 0.7237950960549934, 0.8765423204129005, 0.8367278604761843, 1.089183289932833, 0.863116525694122, 0.9968664944620725, 0.7612773103871014, 0.6870305435935533, 0.8095034947268723, 0.812873501437013, 0.8559595580357258, 0.9213172723177717, 0.6524889098179858, 0.7707062076854764, 0.8484704043459278, 0.9661478094538853, 0.8741165057754142, 0.769881212575967, 0.877132772103879, 0.8175511554311296, 0.8342891566767497, 0.7156594116488156, 0.7530177549688747, 0.8800934027101297, 0.9090588100647604, 0.8013726735561164, 0.853934886050518, 0.7764191608063917, 0.9042667464871454, 0.882093648841843, 0.8764003251582562, 0.7741171516442855, 0.8835480262018036, 0.8547792497133923, 0.9400479967967902, 0.855262911645264, 0.872154652323754, 0.8166404285736488, 1.0238369523127706, 0.8017791161803389]"
