Key,Array
B0000530HU,"[0.0, 0.0, 0.0, 0.0, 0.0, 0.0, 0.0, 0.0, 0.0, 0.0, 0.3792354332251409, 0.4300437860947432, 0.496301862718618, 0.35342936212490583, 0.14992594564657508, 0.22767317628646347, 0.42333703203616774, 0.10872499158707569, 0.2897759739813895, 0.5243781329673675, 0.39049291898624494, 0.19283733883496862, 0.36538029462809307, 0.2570432479442925, 0.3521150246571982, 0.3803777519901743, 0.3439677490795041, 0.42914027773282604, 0.31140304791530493, 0.3359617182990035, 0.3015445553840954, 0.319602688171031, 0.48258391898467146, 0.5288958792631397, 0.30067022241755975, 0.20628035183858168, 0.22129587281710567, 0.2751033030045439, 0.03578356644051675, 0.35871473867640913, 0.40108454713190556, 0.2791176113177454, 0.3815802082416844, 0.15353695097159392, 0.3830149826238405, 0.55515284155942, 0.3039198535032668, 0.2412058704037705, 0.5194735252522755, 0.34672565888572854]"
B00006L9LC,"[26.29486807790872, 0.0, 0.26853015082801435, 0.0, 4.855559097174414, 5.223422552972771, 1.3177370155560404, 8.084119884851804, -1.2127620083427402, 2.7937527849610255, 0.6066842040376965, 0.5000174379576768, 0.44394128482380735, 0.6398866096343752, 0.7200618045523374, 0.6297352627830658, 0.4980735750413171, 0.8101039299183256, 0.7014441428358561, 0.5334925590461848, 0.5499510797932499, 0.6219314861278037, 0.719134268258853, 0.5377895563174093, 0.6404082841216738, 0.8282694724056743, 0.5066114530066146, 0.6238618734685477, 0.528208097765819, 0.3188587926035924, 0.5211132028366486, 0.6090977205391316, 0.340514073455792, 0.7181237939153662, 0.4908834297395969, 0.5443263658981888, 0.54903376289685, 0.6359260971391989, 0.6504114985214443, 0.5365068639062676, 0.5634853865150202, 0.8515256550565666, 0.7597710453922542, 0.4702919983170004, 0.5796342652065125, 0.6960833116036751, 0.81085593588942, 0.5293632470816295, 0.5600982981593788, 0.5993486086116581]"
