Key,Array
B0000530HU,-0.0010579869195050365
B00006L9LC,-0.04856116122783877
