Key,Array
B0000530HU,-0.0003223876422062729
B00006L9LC,0.00057388614206225
