Key,Array
B00006L9LC,"[6.121434427843452, 3.526858376797553, 6.121434427843452, 3.526858376797553, 3.526858376797553, 6.025344522633242, 3.526858376797553, 3.019185731799839, 3.526858376797553, 5.84011373750651]"
