Key,Array
B0000530HU,"[2.4849031058454023, 2.9849031058454023, 2.5, 0.0, 0.0, 0.0, 0.0, 0.0, 0.0, 0.0]"
B00006L9LC,"[11.227847835182509, 18.914173347304995, 14.446856169809553, 12.39073178045571, 9.530816886686017, 16.94071689967938, 13.648332984843124, 9.25, 11.75, 16.15655165109044]"
