Key,Array
B0000530HU,"[-0.1327364315004379, -0.1327364315004379, -0.1327364315004379, -0.1327364315004379, -0.1327364315004379, -0.1327364315004379, -0.1327364315004379, -0.1327364315004379, -0.1327364315004379, -0.1327364315004379]"
B00006L9LC,"[2.235559689483532, 2.235559689483532, 4.842839362739868, 4.556909265447978, 12.738664458328296, 7.306657469885664, 3.859701121025996, 8.53912330546157, 4.833115948128425, 2.235559689483532]"
