ID,Array
0,-9.518392359748216e-05
1,0.0166485584535024
