ID,Array
0,-6.443270979951739e-05
1,8.720674648853984e-05
2,-3.109116926601892e-06
3,-0.0002493186666092
4,-8.490206448416499e-05
5,-7.087133965690503e-05
6,-0.0001143513696899
7,5.170315688068706e-05
8,5.7622923149739646e-05
9,-0.000123231847951
