ID,Array
0,-0.0026134970680067
1,-0.0190538836811498
