Key,Array
A1118RD3AJD5KH,0.0002988970072730754
A23NSBJ5CGLWAA,-0.001256158305361976
A2CY3ZL67BZKEU,-0.0007582034834383367
A2KJR83EUJJNAX,-0.0005678758745184821
A37C3532V0OGK4,-9.077250277521426e-05
A3C46GBHLVSOEW,-0.00012426927618796045
A3V6HGWB3AKM8O,0.00018073107057371118
AKFUG2XFPPWWM,0.00015564673212466022
ASPQVBZP025R8,4.0817089280086605e-05
AV19Z8ZCIQM4G,0.004141188292396539
