Key,Array
B0000530HU,"[-0.1327364315004379, -0.1327364315004379, -0.1327364315004379, -0.1327364315004379, -0.1327364315004379, -0.1327364315004379, -0.1327364315004379, -0.1327364315004379, -0.1327364315004379, -0.1327364315004379, 0.6267852328783933, 0.6915673745059301, 0.5340246315412969, 0.4979694398297727, 0.605630194431472, 0.28633435804493945, 0.7945999838025571, 0.9671299930424305, 0.5120496603714629, 1.0264842891035664]"
B00006L9LC,"[2.235559689483532, 2.235559689483532, 4.842839362739868, 4.556909265447978, 12.738664458328296, 7.306657469885664, 3.859701121025996, 8.53912330546157, 4.833115948128425, 2.235559689483532, 1.234088469801469, 0.511081546104721, 0.897481451073702, 1.0197500842019296, 1.7458245922476667, 0.6353239988306874, 0.6368887547707671, 0.8370722836690991, 1.4685185938607692, 0.6795513467248822]"
