Key,Array
B00006L9LC,"[6.121434427843452, 3.526858376797553, 6.121434427843452, 3.526858376797553, 3.526858376797553, 6.025344522633242, 3.526858376797553, 3.019185731799839, 3.526858376797553, 5.84011373750651, 1.2612997830255406, 0.8762400611985706, 0.8561701634349015, 1.3414509306830953, 0.7731267416433063, 1.385589052977713, 1.2834844899553997, 0.9335013032866287, 1.168371154312218, 1.1290964321460262]"
