Key,Array
B0000530HU,"[2.4849031058454023, 2.9849031058454023, 2.5, 0.0, 0.0, 0.0, 0.0, 0.0, 0.0, 0.0, 0.3860560470085068, 0.9774244625137427, 0.7103709211951201, 1.0522398953017467, 0.4987189980808071, 0.44185240785972596, 0.32614645987924484, 1.3767554012211058, 0.7421618849546334, 0.4563297998656251]"
B00006L9LC,"[11.227847835182509, 18.914173347304995, 14.446856169809553, 12.39073178045571, 9.530816886686017, 16.94071689967938, 13.648332984843124, 9.25, 11.75, 16.15655165109044, 1.0917327484651231, 1.2580146483737449, 1.7399188334128681, 1.1096049739471763, 1.5242527204609957, 1.542061284485552, 0.858583317248152, 1.116647615157159, 1.1231803137687155, 1.7176262815021959]"
